<?xml version = '1.0' encoding = 'UTF-8'?>
<Relation class="oracle.dbtools.crest.model.design.logical.Relation" name="detem" directorySegmentName="seg_0" id="12114042-8CEA-DB0A-64C5-2CF886C4B963">
<createdBy>edson.monteiro</createdBy>
<createdTime>2021-03-09 01:53:35 UTC</createdTime>
<ownerDesignName>MER</ownerDesignName>
<engineerTo>
<item key="81ECD70C-CF0F-445F-D973-95CA0F8A7036" value="true"/>
</engineerTo>
<sourcePk>94435C12-8D0A-BD38-A59B-1E9F3B13CE32</sourcePk>
<identifying>false</identifying>
<optionalSource>true</optionalSource>
<optionalTarget>false</optionalTarget>
<sourceCardinality>1</sourceCardinality>
<sourceEntity>78183BE1-1EE9-DEC1-3C19-D1E54153802E</sourceEntity>
<targetCardinalityString>*</targetCardinalityString>
<targetEntity>520B2D7C-CE4C-E065-7EBA-F10265CAAC42</targetEntity>
<transferable>true</transferable>
<deleteRule>NO ACTION</deleteRule>
</Relation>