<?xml version = '1.0' encoding = 'UTF-8'?>
<Relation class="oracle.dbtools.crest.model.design.logical.Relation" name="cidade_usuario" directorySegmentName="seg_0" id="419C2491-55A5-F23A-6006-F51367E08177">
<createdBy>renanoliveira</createdBy>
<createdTime>2021-03-09 21:14:26 UTC</createdTime>
<ownerDesignName>MER</ownerDesignName>
<engineerTo>
<item key="81ECD70C-CF0F-445F-D973-95CA0F8A7036" value="true"/>
</engineerTo>
<sourcePk>D9E6E7A3-D8BE-C7BB-BB4E-1FAA6832529B</sourcePk>
<identifying>false</identifying>
<optionalSource>true</optionalSource>
<optionalTarget>false</optionalTarget>
<sourceCardinality>1</sourceCardinality>
<sourceEntity>30F47B5B-AE32-3AC8-70B0-57F6FD801CBC</sourceEntity>
<targetCardinalityString>*</targetCardinalityString>
<targetEntity>78183BE1-1EE9-DEC1-3C19-D1E54153802E</targetEntity>
<transferable>true</transferable>
<deleteRule>NO ACTION</deleteRule>
</Relation>