<?xml version = '1.0' encoding = 'UTF-8'?>
<Relation class="oracle.dbtools.crest.model.design.logical.Relation" name="Relation_17" directorySegmentName="seg_0" id="CC9E8093-0038-4296-77B7-C1C7611CFCF0">
<createdBy>edson.monteiro</createdBy>
<createdTime>2021-03-28 20:41:01 UTC</createdTime>
<ownerDesignName>MER</ownerDesignName>
<engineerTo>
<item key="81ECD70C-CF0F-445F-D973-95CA0F8A7036" value="true"/>
</engineerTo>
<sourcePk>50B6B72B-3541-197B-0F83-90714B054FFC</sourcePk>
<identifying>false</identifying>
<optionalSource>false</optionalSource>
<optionalTarget>false</optionalTarget>
<sourceCardinality>1</sourceCardinality>
<sourceEntity>30B951A1-4DFD-08E3-62B4-EDEC80C3957A</sourceEntity>
<targetCardinalityString>*</targetCardinalityString>
<targetEntity>0563FCBC-9085-2A3F-954E-61D1E7CEDEA5</targetEntity>
<transferable>true</transferable>
<deleteRule>NO ACTION</deleteRule>
</Relation>