<?xml version = '1.0' encoding = 'UTF-8'?>
<Table class="oracle.dbtools.crest.model.design.relational.Table" directorySegmentName="seg_0" id="23DD5018-5E28-73BF-C018-92F9D97AD235" name="PRODUTO">
<createdBy>edson.monteiro</createdBy>
<createdTime>2021-03-28 21:02:51 UTC</createdTime>
<generatorID>32C21F05-58CD-FF73-1596-FD3378B4C988</generatorID>
<ownerDesignName>MER</ownerDesignName>
<allowColumnReorder>false</allowColumnReorder>
<existDependencyGenerateInDDl>true</existDependencyGenerateInDDl>
<parsed>true</parsed>
<columns itemClass="oracle.dbtools.crest.model.design.relational.Column">
<Column name="id_produto" id="BFA82755-B8C4-6C77-53F4-106ED8439D34">
<createdBy>edson.monteiro</createdBy>
<createdTime>2021-03-28 21:02:51 UTC</createdTime>
<generatorID>BEB30843-414B-45F2-F3B0-E97CEFC045BC</generatorID>
<ownerDesignName>MER</ownerDesignName>
<useDomainConstraints>false</useDomainConstraints>
<use>1</use>
<logicalDatatype>LOGDT019</logicalDatatype>
<ownDataTypeParameters>,,</ownDataTypeParameters>
<autoIncrementCycle>false</autoIncrementCycle>
</Column>
<Column name="id_unidade_fornecimento" id="495EA8D8-6EA5-165F-3F49-6925B35772F5">
<createdBy>edson.monteiro</createdBy>
<createdTime>2021-03-28 21:02:51 UTC</createdTime>
<generatorID>4387C16B-8771-7EBD-EDA6-1C590B0879D0</generatorID>
<ownerDesignName>MER</ownerDesignName>
<useDomainConstraints>false</useDomainConstraints>
<use>1</use>
<logicalDatatype>LOGDT019</logicalDatatype>
<ownDataTypeParameters>,,</ownDataTypeParameters>
<previousColumn>false</previousColumn>
<autoIncrementCycle>false</autoIncrementCycle>
<associations>
<colAssociation fkAssociation="890AFB54-821D-051A-E191-B9B9958ABCF1" referredColumn="5E43B957-0E33-9EA3-D2F6-CE385680F9C0"/>
</associations>
</Column>
<Column name="id_marca" id="9E384C7E-B462-A62C-1389-EDF74BD2F432">
<createdBy>edson.monteiro</createdBy>
<createdTime>2021-03-28 21:02:51 UTC</createdTime>
<generatorID>FAF92DCB-B9D9-A224-BB39-53DE2C81C14F</generatorID>
<ownerDesignName>MER</ownerDesignName>
<useDomainConstraints>false</useDomainConstraints>
<use>1</use>
<logicalDatatype>LOGDT019</logicalDatatype>
<ownDataTypeParameters>,,</ownDataTypeParameters>
<previousColumn>false</previousColumn>
<autoIncrementCycle>false</autoIncrementCycle>
<associations>
<colAssociation fkAssociation="7B40E712-165A-8EF0-421E-D7FC023AC899" referredColumn="A68A773A-CEBA-1001-4CC5-338B63C6744F"/>
</associations>
</Column>
<Column name="id_cor" id="5E61F15A-0128-7FE4-ED60-32F22EF1AE93">
<createdBy>edson.monteiro</createdBy>
<createdTime>2021-03-28 21:02:51 UTC</createdTime>
<generatorID>3F1B6E71-026D-9EFD-F08A-B18A1B478D20</generatorID>
<ownerDesignName>MER</ownerDesignName>
<useDomainConstraints>false</useDomainConstraints>
<use>1</use>
<logicalDatatype>LOGDT019</logicalDatatype>
<ownDataTypeParameters>,,</ownDataTypeParameters>
<previousColumn>false</previousColumn>
<autoIncrementCycle>false</autoIncrementCycle>
<associations>
<colAssociation fkAssociation="93B0A12C-0D93-7651-7402-AE7CB7ABC7C3" referredColumn="3B135B3D-9D0E-C728-F0DD-6EFB693E008D"/>
</associations>
</Column>
<Column name="nome" id="C6BD2A5B-94FB-0805-22BD-868CB5D25BB4">
<createdBy>edson.monteiro</createdBy>
<createdTime>2021-03-28 21:02:51 UTC</createdTime>
<generatorID>26FDACF0-C2D6-211E-2263-AC83C0A35FD3</generatorID>
<ownerDesignName>MER</ownerDesignName>
<useDomainConstraints>false</useDomainConstraints>
<use>1</use>
<logicalDatatype>LOGDT024</logicalDatatype>
<dataTypeSize>100</dataTypeSize>
<ownDataTypeParameters>100,,</ownDataTypeParameters>
<autoIncrementCycle>false</autoIncrementCycle>
</Column>
<Column name="detalhe" id="E23A6F76-7933-4EB0-17CA-1A02918A3AFF">
<createdBy>edson.monteiro</createdBy>
<createdTime>2021-03-28 21:02:51 UTC</createdTime>
<generatorID>62F914BC-E658-EBC1-F9A6-B9CC57013350</generatorID>
<ownerDesignName>MER</ownerDesignName>
<useDomainConstraints>false</useDomainConstraints>
<use>1</use>
<logicalDatatype>LOGDT024</logicalDatatype>
<dataTypeSize>512</dataTypeSize>
<ownDataTypeParameters>512,,</ownDataTypeParameters>
<autoIncrementCycle>false</autoIncrementCycle>
</Column>
</columns>
<indexes itemClass="oracle.dbtools.crest.model.design.relational.Index">
<ind_PK_UK id="FD3A8A03-2DEA-D58C-CDFA-88EC93AF2199" name="PRODUTO_PK">
<createdBy>edson.monteiro</createdBy>
<createdTime>2021-03-28 21:02:51 UTC</createdTime>
<generatorID>9776B8D3-91F2-9200-EB5D-91E8270CED37</generatorID>
<ownerDesignName>MER</ownerDesignName>
<pk>true</pk>
<indexState>Primary Constraint</indexState>
<isSurrogateKey>false</isSurrogateKey>
<indexColumnUsage>
<colUsage columnID="BFA82755-B8C4-6C77-53F4-106ED8439D34"/>
</indexColumnUsage>
</ind_PK_UK>
<ind_PK_UK id="CF68B215-3A71-CA0E-6705-3169EA431C7E" name="PRODUTO_MARCA_FK">
<createdBy>edson.monteiro</createdBy>
<createdTime>2021-03-28 21:02:51 UTC</createdTime>
<generatorID>68E55980-D7CF-F90D-1BDC-F3CA17582A9C</generatorID>
<ownerDesignName>MER</ownerDesignName>
<indexState>Foreign Key</indexState>
<isSurrogateKey>false</isSurrogateKey>
<indexColumnUsage>
<colUsage columnID="9E384C7E-B462-A62C-1389-EDF74BD2F432"/>
</indexColumnUsage>
</ind_PK_UK>
<ind_PK_UK id="6C9D4FAB-A729-DA66-DE79-FB03BEFD366D" name="PRODUTO_UNID_FORNEC_FK">
<createdBy>edson.monteiro</createdBy>
<createdTime>2021-03-28 21:02:51 UTC</createdTime>
<generatorID>23DFE340-FF27-1FF2-DED8-B5BD301BE0E2</generatorID>
<ownerDesignName>MER</ownerDesignName>
<indexState>Foreign Key</indexState>
<isSurrogateKey>false</isSurrogateKey>
<indexColumnUsage>
<colUsage columnID="495EA8D8-6EA5-165F-3F49-6925B35772F5"/>
</indexColumnUsage>
</ind_PK_UK>
<ind_PK_UK id="6A98FD0B-9ECC-48F6-4164-07FAB5963EEA" name="PRODUTO_COR_FK">
<createdBy>edson.monteiro</createdBy>
<createdTime>2021-03-28 21:02:51 UTC</createdTime>
<generatorID>F9AAF3EA-018E-AACE-258C-97C8A66A0F2F</generatorID>
<ownerDesignName>MER</ownerDesignName>
<indexState>Foreign Key</indexState>
<isSurrogateKey>false</isSurrogateKey>
<indexColumnUsage>
<colUsage columnID="5E61F15A-0128-7FE4-ED60-32F22EF1AE93"/>
</indexColumnUsage>
</ind_PK_UK>
</indexes>
</Table>