<?xml version = '1.0' encoding = 'UTF-8'?>
<Table class="oracle.dbtools.crest.model.design.relational.Table" directorySegmentName="seg_0" id="C0B4A17A-DA5A-A38F-B10E-FBD8F83F9181" name="STATUS">
<createdBy>edson.monteiro</createdBy>
<createdTime>2021-03-28 21:02:51 UTC</createdTime>
<generatorID>0F9F040E-D59A-D58B-5D2E-9A845943E87F</generatorID>
<ownerDesignName>MER</ownerDesignName>
<allowColumnReorder>false</allowColumnReorder>
<existDependencyGenerateInDDl>true</existDependencyGenerateInDDl>
<parsed>true</parsed>
<columns itemClass="oracle.dbtools.crest.model.design.relational.Column">
<Column name="id_status" id="E6F6BBB9-2B0F-6172-12CD-0FA0F589AF20">
<createdBy>edson.monteiro</createdBy>
<createdTime>2021-03-28 21:02:51 UTC</createdTime>
<generatorID>A2819A95-EB4A-3863-F2C3-B7CED6379E38</generatorID>
<ownerDesignName>MER</ownerDesignName>
<useDomainConstraints>false</useDomainConstraints>
<use>1</use>
<logicalDatatype>LOGDT019</logicalDatatype>
<ownDataTypeParameters>,,</ownDataTypeParameters>
<autoIncrementCycle>false</autoIncrementCycle>
</Column>
<Column name="nome" id="F667B401-BCA8-C992-466F-456838281150">
<createdBy>edson.monteiro</createdBy>
<createdTime>2021-03-28 21:02:51 UTC</createdTime>
<generatorID>49F8650B-0439-169D-BB9E-7491B4061DF3</generatorID>
<ownerDesignName>MER</ownerDesignName>
<useDomainConstraints>false</useDomainConstraints>
<use>1</use>
<logicalDatatype>LOGDT024</logicalDatatype>
<dataTypeSize>50</dataTypeSize>
<ownDataTypeParameters>50,,</ownDataTypeParameters>
<autoIncrementCycle>false</autoIncrementCycle>
</Column>
</columns>
<indexes itemClass="oracle.dbtools.crest.model.design.relational.Index">
<ind_PK_UK id="2A06C991-149A-B358-9800-A91F46BD4F89" name="STATUS_PK">
<createdBy>edson.monteiro</createdBy>
<createdTime>2021-03-28 21:02:51 UTC</createdTime>
<generatorID>00DB61CA-B65D-9FE6-7D56-1BE5918D6623</generatorID>
<ownerDesignName>MER</ownerDesignName>
<pk>true</pk>
<indexState>Primary Constraint</indexState>
<isSurrogateKey>false</isSurrogateKey>
<indexColumnUsage>
<colUsage columnID="E6F6BBB9-2B0F-6172-12CD-0FA0F589AF20"/>
</indexColumnUsage>
</ind_PK_UK>
</indexes>
</Table>