<?xml version = '1.0' encoding = 'UTF-8'?>
<Table class="oracle.dbtools.crest.model.design.relational.Table" directorySegmentName="seg_0" id="EA417238-D37D-FDAE-3273-B9587D1F8DF8" name="CIDADE">
<createdBy>edson.monteiro</createdBy>
<createdTime>2021-03-28 21:02:51 UTC</createdTime>
<generatorID>30F47B5B-AE32-3AC8-70B0-57F6FD801CBC</generatorID>
<ownerDesignName>MER</ownerDesignName>
<allowColumnReorder>false</allowColumnReorder>
<existDependencyGenerateInDDl>true</existDependencyGenerateInDDl>
<parsed>true</parsed>
<columns itemClass="oracle.dbtools.crest.model.design.relational.Column">
<Column name="id_cidade" id="091E0331-08B8-E26B-8FD1-ACE6537A20C4">
<createdBy>edson.monteiro</createdBy>
<createdTime>2021-03-28 21:02:51 UTC</createdTime>
<generatorID>447DFF75-4451-FE9D-B14D-768707661018</generatorID>
<ownerDesignName>MER</ownerDesignName>
<useDomainConstraints>false</useDomainConstraints>
<use>1</use>
<logicalDatatype>LOGDT019</logicalDatatype>
<ownDataTypeParameters>,,</ownDataTypeParameters>
<autoIncrementCycle>false</autoIncrementCycle>
</Column>
<Column name="id_estado" id="336C1F1A-A645-B5A0-C950-78629A177CD5">
<createdBy>edson.monteiro</createdBy>
<createdTime>2021-03-28 21:02:51 UTC</createdTime>
<generatorID>7B48E2F3-F789-2916-6D18-0BC15D0CE386</generatorID>
<ownerDesignName>MER</ownerDesignName>
<useDomainConstraints>false</useDomainConstraints>
<use>1</use>
<logicalDatatype>LOGDT019</logicalDatatype>
<ownDataTypeParameters>,,</ownDataTypeParameters>
<previousColumn>false</previousColumn>
<autoIncrementCycle>false</autoIncrementCycle>
<associations>
<colAssociation fkAssociation="AC838979-1991-3942-3DA0-7418FEF6342D" referredColumn="7CCC3967-6236-CE17-BFB6-9A0B2D5D75FF"/>
</associations>
</Column>
<Column name="nome" id="4824F4B2-FAFC-CCED-B951-984DBD18DCAE">
<createdBy>edson.monteiro</createdBy>
<createdTime>2021-03-28 21:02:51 UTC</createdTime>
<generatorID>9133D92C-301A-DDBD-8DE4-7AE51490D185</generatorID>
<ownerDesignName>MER</ownerDesignName>
<useDomainConstraints>false</useDomainConstraints>
<use>1</use>
<logicalDatatype>LOGDT024</logicalDatatype>
<dataTypeSize>50</dataTypeSize>
<ownDataTypeParameters>50,,</ownDataTypeParameters>
<autoIncrementCycle>false</autoIncrementCycle>
</Column>
</columns>
<indexes itemClass="oracle.dbtools.crest.model.design.relational.Index">
<ind_PK_UK id="E7D3D930-84F9-926D-0A87-BA4C1A50B8BD" name="CIDADE_PK">
<createdBy>edson.monteiro</createdBy>
<createdTime>2021-03-28 21:02:51 UTC</createdTime>
<generatorID>D9E6E7A3-D8BE-C7BB-BB4E-1FAA6832529B</generatorID>
<ownerDesignName>MER</ownerDesignName>
<pk>true</pk>
<indexState>Primary Constraint</indexState>
<isSurrogateKey>false</isSurrogateKey>
<indexColumnUsage>
<colUsage columnID="091E0331-08B8-E26B-8FD1-ACE6537A20C4"/>
</indexColumnUsage>
</ind_PK_UK>
<ind_PK_UK id="59F96CA9-EC8E-FCF2-4695-3133A93FB894" name="CIDADE_ESTADO_FK">
<createdBy>edson.monteiro</createdBy>
<createdTime>2021-03-28 21:02:51 UTC</createdTime>
<generatorID>3AFD2B52-D364-88FC-9155-208977CDB123</generatorID>
<ownerDesignName>MER</ownerDesignName>
<indexState>Foreign Key</indexState>
<isSurrogateKey>false</isSurrogateKey>
<indexColumnUsage>
<colUsage columnID="336C1F1A-A645-B5A0-C950-78629A177CD5"/>
</indexColumnUsage>
</ind_PK_UK>
</indexes>
</Table>