<?xml version = '1.0' encoding = 'UTF-8'?>
<Entity class="oracle.dbtools.crest.model.design.logical.Entity" directorySegmentName="seg_0" id="0563FCBC-9085-2A3F-954E-61D1E7CEDEA5" name="PEDIDO_ITEM">
<createdBy>edson.monteiro</createdBy>
<createdTime>2021-03-28 20:38:51 UTC</createdTime>
<ownerDesignName>MER</ownerDesignName>
<engineerTo>
<item key="81ECD70C-CF0F-445F-D973-95CA0F8A7036" value="true"/>
</engineerTo>
<adequatelyNormalized>NO</adequatelyNormalized>
<expectedVolumes>0</expectedVolumes>
<fwdEngineeringStrategyName>Single Table</fwdEngineeringStrategyName>
<growthPercent>0</growthPercent>
<growthType>Year</growthType>
<maxVolumes>9999999</maxVolumes>
<minVolumes>0</minVolumes>
<normalForm>Third</normalForm>
<attributes itemClass="oracle.dbtools.crest.model.design.logical.Attribute">
<Attribute name="id_pedido" id="31AAB313-A074-385E-B412-8BA84D3FC057">
<createdBy>edson.monteiro</createdBy>
<createdTime>2021-03-28 20:41:01 UTC</createdTime>
<generatorID>CC9E8093-0038-4296-77B7-C1C7611CFCF0</generatorID>
<ownerDesignName>MER</ownerDesignName>
<engineerTo>
<item key="81ECD70C-CF0F-445F-D973-95CA0F8A7036" value="true"/>
</engineerTo>
<referedAttribute>4B2561C8-8B6C-660B-0C95-AB05539AE8BD</referedAttribute>
<useDomainConstraints>false</useDomainConstraints>
<use>1</use>
<logicalDatatype>LOGDT019</logicalDatatype>
<ownDataTypeParameters>,,</ownDataTypeParameters>
</Attribute>
<Attribute name="id_produto" id="1A197687-47ED-F672-E95C-F37B5F053498">
<createdBy>edson.monteiro</createdBy>
<createdTime>2021-03-28 20:42:09 UTC</createdTime>
<generatorID>ECDA1E61-0749-7447-0D4A-1F8460C81504</generatorID>
<ownerDesignName>MER</ownerDesignName>
<engineerTo>
<item key="81ECD70C-CF0F-445F-D973-95CA0F8A7036" value="true"/>
</engineerTo>
<referedAttribute>BEB30843-414B-45F2-F3B0-E97CEFC045BC</referedAttribute>
<useDomainConstraints>false</useDomainConstraints>
<use>1</use>
<logicalDatatype>LOGDT019</logicalDatatype>
<ownDataTypeParameters>,,</ownDataTypeParameters>
</Attribute>
<Attribute name="valor" id="77809FFA-07C8-6E46-AAAB-5C554553F7AE">
<createdBy>edson.monteiro</createdBy>
<createdTime>2021-03-28 20:39:23 UTC</createdTime>
<ownerDesignName>MER</ownerDesignName>
<engineerTo>
<item key="81ECD70C-CF0F-445F-D973-95CA0F8A7036" value="true"/>
</engineerTo>
<useDomainConstraints>false</useDomainConstraints>
<use>1</use>
<logicalDatatype>LOGDT019</logicalDatatype>
<dataTypePrecision>7</dataTypePrecision>
<dataTypeScale>2</dataTypeScale>
<ownDataTypeParameters>,7,2</ownDataTypeParameters>
</Attribute>
<Attribute name="quantiade" id="AFE11CC7-A564-3DDB-E32C-AF3F7FDDBBFA">
<createdBy>edson.monteiro</createdBy>
<createdTime>2021-03-28 20:39:37 UTC</createdTime>
<ownerDesignName>MER</ownerDesignName>
<engineerTo>
<item key="81ECD70C-CF0F-445F-D973-95CA0F8A7036" value="true"/>
</engineerTo>
<useDomainConstraints>false</useDomainConstraints>
<use>1</use>
<logicalDatatype>LOGDT019</logicalDatatype>
<dataTypePrecision>7</dataTypePrecision>
<dataTypeScale>2</dataTypeScale>
<ownDataTypeParameters>,7,2</ownDataTypeParameters>
</Attribute>
</attributes>
</Entity>