<?xml version = '1.0' encoding = 'UTF-8'?>
<Entity class="oracle.dbtools.crest.model.design.logical.Entity" directorySegmentName="seg_0" id="32C21F05-58CD-FF73-1596-FD3378B4C988" name="PRODUTO">
<createdBy>edson.monteiro</createdBy>
<createdTime>2021-03-09 02:25:42 UTC</createdTime>
<ownerDesignName>MER</ownerDesignName>
<engineerTo>
<item key="81ECD70C-CF0F-445F-D973-95CA0F8A7036" value="true"/>
</engineerTo>
<adequatelyNormalized>NO</adequatelyNormalized>
<expectedVolumes>0</expectedVolumes>
<fwdEngineeringStrategyName>Single Table</fwdEngineeringStrategyName>
<growthPercent>0</growthPercent>
<growthType>Year</growthType>
<maxVolumes>9999999</maxVolumes>
<minVolumes>0</minVolumes>
<normalForm>Third</normalForm>
<attributes itemClass="oracle.dbtools.crest.model.design.logical.Attribute">
<Attribute name="id_produto" id="BEB30843-414B-45F2-F3B0-E97CEFC045BC">
<createdBy>edson.monteiro</createdBy>
<createdTime>2021-03-09 02:26:03 UTC</createdTime>
<ownerDesignName>MER</ownerDesignName>
<engineerTo>
<item key="81ECD70C-CF0F-445F-D973-95CA0F8A7036" value="true"/>
</engineerTo>
<useDomainConstraints>false</useDomainConstraints>
<use>1</use>
<logicalDatatype>LOGDT019</logicalDatatype>
<ownDataTypeParameters>,,</ownDataTypeParameters>
</Attribute>
<Attribute name="id_unidade_fornecimento" id="4387C16B-8771-7EBD-EDA6-1C590B0879D0">
<createdBy>edson.monteiro</createdBy>
<createdTime>2021-03-09 02:50:12 UTC</createdTime>
<generatorID>23DFE340-FF27-1FF2-DED8-B5BD301BE0E2</generatorID>
<ownerDesignName>MER</ownerDesignName>
<engineerTo>
<item key="81ECD70C-CF0F-445F-D973-95CA0F8A7036" value="true"/>
</engineerTo>
<referedAttribute>95D3BAC6-9F70-057F-C504-4CCD13236D1F</referedAttribute>
<useDomainConstraints>false</useDomainConstraints>
<use>1</use>
<logicalDatatype>LOGDT019</logicalDatatype>
<ownDataTypeParameters>,,</ownDataTypeParameters>
</Attribute>
<Attribute name="id_marca" id="FAF92DCB-B9D9-A224-BB39-53DE2C81C14F">
<createdBy>edson.monteiro</createdBy>
<createdTime>2021-03-09 02:51:11 UTC</createdTime>
<generatorID>68E55980-D7CF-F90D-1BDC-F3CA17582A9C</generatorID>
<ownerDesignName>MER</ownerDesignName>
<engineerTo>
<item key="81ECD70C-CF0F-445F-D973-95CA0F8A7036" value="true"/>
</engineerTo>
<referedAttribute>460AC034-F948-7D2A-4C7B-EBAF87A06EB1</referedAttribute>
<useDomainConstraints>false</useDomainConstraints>
<use>1</use>
<logicalDatatype>LOGDT019</logicalDatatype>
<ownDataTypeParameters>,,</ownDataTypeParameters>
</Attribute>
<Attribute name="id_cor" id="3F1B6E71-026D-9EFD-F08A-B18A1B478D20">
<createdBy>edson.monteiro</createdBy>
<createdTime>2021-03-09 02:52:44 UTC</createdTime>
<generatorID>F9AAF3EA-018E-AACE-258C-97C8A66A0F2F</generatorID>
<ownerDesignName>MER</ownerDesignName>
<engineerTo>
<item key="81ECD70C-CF0F-445F-D973-95CA0F8A7036" value="true"/>
</engineerTo>
<referedAttribute>2466DB14-690D-195F-6A14-2E4729DFF030</referedAttribute>
<useDomainConstraints>false</useDomainConstraints>
<use>1</use>
<logicalDatatype>LOGDT019</logicalDatatype>
<ownDataTypeParameters>,,</ownDataTypeParameters>
</Attribute>
<Attribute name="nome" id="26FDACF0-C2D6-211E-2263-AC83C0A35FD3">
<createdBy>edson.monteiro</createdBy>
<createdTime>2021-03-09 02:26:11 UTC</createdTime>
<ownerDesignName>MER</ownerDesignName>
<engineerTo>
<item key="81ECD70C-CF0F-445F-D973-95CA0F8A7036" value="true"/>
</engineerTo>
<useDomainConstraints>false</useDomainConstraints>
<use>1</use>
<logicalDatatype>LOGDT024</logicalDatatype>
<dataTypeSize>100</dataTypeSize>
<ownDataTypeParameters>100,,</ownDataTypeParameters>
</Attribute>
<Attribute name="detalhe" id="62F914BC-E658-EBC1-F9A6-B9CC57013350">
<createdBy>edson.monteiro</createdBy>
<createdTime>2021-03-09 02:27:25 UTC</createdTime>
<ownerDesignName>MER</ownerDesignName>
<engineerTo>
<item key="81ECD70C-CF0F-445F-D973-95CA0F8A7036" value="true"/>
</engineerTo>
<useDomainConstraints>false</useDomainConstraints>
<use>1</use>
<logicalDatatype>LOGDT024</logicalDatatype>
<dataTypeSize>512</dataTypeSize>
<ownDataTypeParameters>512,,</ownDataTypeParameters>
</Attribute>
</attributes>
<identifiers itemClass="oracle.dbtools.crest.model.design.logical.CandidateKey">
<identifier id="9776B8D3-91F2-9200-EB5D-91E8270CED37" name="PRODUTO PK">
<createdBy>edson.monteiro</createdBy>
<createdTime>2021-03-09 02:44:56 UTC</createdTime>
<ownerDesignName>MER</ownerDesignName>
<engineerTo>
<item key="81ECD70C-CF0F-445F-D973-95CA0F8A7036" value="true"/>
</engineerTo>
<pk>true</pk>
<usedAttributes>
<attributeRef>BEB30843-414B-45F2-F3B0-E97CEFC045BC</attributeRef>
</usedAttributes>
</identifier>
</identifiers>
</Entity>