<?xml version = '1.0' encoding = 'UTF-8'?>
<Entity class="oracle.dbtools.crest.model.design.logical.Entity" directorySegmentName="seg_0" id="DA1A6200-A34E-B4E7-8DCC-B325C3BA193A" name="UNID_FORNEC">
<createdBy>edson.monteiro</createdBy>
<createdTime>2021-03-09 02:45:53 UTC</createdTime>
<ownerDesignName>MER</ownerDesignName>
<engineerTo>
<item key="81ECD70C-CF0F-445F-D973-95CA0F8A7036" value="true"/>
</engineerTo>
<adequatelyNormalized>NO</adequatelyNormalized>
<expectedVolumes>0</expectedVolumes>
<fwdEngineeringStrategyName>Single Table</fwdEngineeringStrategyName>
<growthPercent>0</growthPercent>
<growthType>Year</growthType>
<maxVolumes>9999999</maxVolumes>
<minVolumes>0</minVolumes>
<normalForm>Third</normalForm>
<attributes itemClass="oracle.dbtools.crest.model.design.logical.Attribute">
<Attribute name="id_unidade_fornecimento" id="95D3BAC6-9F70-057F-C504-4CCD13236D1F">
<createdBy>edson.monteiro</createdBy>
<createdTime>2021-03-09 02:46:09 UTC</createdTime>
<ownerDesignName>MER</ownerDesignName>
<engineerTo>
<item key="81ECD70C-CF0F-445F-D973-95CA0F8A7036" value="true"/>
</engineerTo>
<useDomainConstraints>false</useDomainConstraints>
<use>1</use>
<logicalDatatype>LOGDT019</logicalDatatype>
<ownDataTypeParameters>,,</ownDataTypeParameters>
</Attribute>
<Attribute name="valor" id="C7A4C1FC-6D9A-EBEE-2446-05D4FF122540">
<createdBy>edson.monteiro</createdBy>
<createdTime>2021-03-09 02:46:27 UTC</createdTime>
<ownerDesignName>MER</ownerDesignName>
<engineerTo>
<item key="81ECD70C-CF0F-445F-D973-95CA0F8A7036" value="true"/>
</engineerTo>
<useDomainConstraints>false</useDomainConstraints>
<use>1</use>
<logicalDatatype>LOGDT024</logicalDatatype>
<dataTypeSize>5</dataTypeSize>
<ownDataTypeParameters>5,,</ownDataTypeParameters>
</Attribute>
</attributes>
<identifiers itemClass="oracle.dbtools.crest.model.design.logical.CandidateKey">
<identifier id="477DD4F5-852F-20CB-D511-79FD0F31DD5E" name="UNID_FORNEC PK">
<createdBy>edson.monteiro</createdBy>
<createdTime>2021-03-09 02:46:46 UTC</createdTime>
<ownerDesignName>MER</ownerDesignName>
<engineerTo>
<item key="81ECD70C-CF0F-445F-D973-95CA0F8A7036" value="true"/>
</engineerTo>
<pk>true</pk>
<newElementsIDs>95D3BAC6-9F70-057F-C504-4CCD13236D1F</newElementsIDs>
<usedAttributes>
<attributeRef>95D3BAC6-9F70-057F-C504-4CCD13236D1F</attributeRef>
</usedAttributes>
</identifier>
</identifiers>
</Entity>