<?xml version = '1.0' encoding = 'UTF-8'?>
<Entity class="oracle.dbtools.crest.model.design.logical.Entity" directorySegmentName="seg_0" id="EE524C4E-F29E-4778-F38E-1AB6490BBB15" name="MARCA">
<createdBy>edson.monteiro</createdBy>
<createdTime>2021-03-09 02:48:09 UTC</createdTime>
<ownerDesignName>MER</ownerDesignName>
<engineerTo>
<item key="81ECD70C-CF0F-445F-D973-95CA0F8A7036" value="true"/>
</engineerTo>
<adequatelyNormalized>NO</adequatelyNormalized>
<expectedVolumes>0</expectedVolumes>
<fwdEngineeringStrategyName>Single Table</fwdEngineeringStrategyName>
<growthPercent>0</growthPercent>
<growthType>Year</growthType>
<maxVolumes>9999999</maxVolumes>
<minVolumes>0</minVolumes>
<normalForm>Third</normalForm>
<attributes itemClass="oracle.dbtools.crest.model.design.logical.Attribute">
<Attribute name="id_marca" id="460AC034-F948-7D2A-4C7B-EBAF87A06EB1">
<createdBy>edson.monteiro</createdBy>
<createdTime>2021-03-09 02:48:17 UTC</createdTime>
<ownerDesignName>MER</ownerDesignName>
<engineerTo>
<item key="81ECD70C-CF0F-445F-D973-95CA0F8A7036" value="true"/>
</engineerTo>
<useDomainConstraints>false</useDomainConstraints>
<use>1</use>
<logicalDatatype>LOGDT019</logicalDatatype>
<ownDataTypeParameters>,,</ownDataTypeParameters>
</Attribute>
<Attribute name="nome" id="15AB0E24-F791-421C-24EF-E768F0D8FB88">
<createdBy>edson.monteiro</createdBy>
<createdTime>2021-03-09 02:48:23 UTC</createdTime>
<ownerDesignName>MER</ownerDesignName>
<engineerTo>
<item key="81ECD70C-CF0F-445F-D973-95CA0F8A7036" value="true"/>
</engineerTo>
<useDomainConstraints>false</useDomainConstraints>
<use>1</use>
<logicalDatatype>LOGDT024</logicalDatatype>
<dataTypeSize>100</dataTypeSize>
<ownDataTypeParameters>100,,</ownDataTypeParameters>
</Attribute>
</attributes>
<identifiers itemClass="oracle.dbtools.crest.model.design.logical.CandidateKey">
<identifier id="5E850098-5754-AC7C-B407-8FE25E08E4F9" name="MARCA PK">
<createdBy>edson.monteiro</createdBy>
<createdTime>2021-03-09 02:48:32 UTC</createdTime>
<ownerDesignName>MER</ownerDesignName>
<engineerTo>
<item key="81ECD70C-CF0F-445F-D973-95CA0F8A7036" value="true"/>
</engineerTo>
<pk>true</pk>
<usedAttributes>
<attributeRef>460AC034-F948-7D2A-4C7B-EBAF87A06EB1</attributeRef>
</usedAttributes>
</identifier>
</identifiers>
</Entity>