<?xml version = '1.0' encoding = 'UTF-8'?>
<Diagram class="oracle.dbtools.crest.swingui.relational.DPVRelational" name="Relational_1" id="23784649-D380-2E5E-D8A9-6E3F465D8794">
<createdBy>edson.monteiro</createdBy>
<modifiedBy>edson.monteiro</modifiedBy>
<createdTime>2021-03-28 21:00:56 UTC</createdTime>
<autoRoute>false</autoRoute>
<boxInbox>true</boxInbox>
<showLegend>false</showLegend>
<showLabels>false</showLabels>
<showRelAttributes>false</showRelAttributes>
<gridEnabled>false</gridEnabled>
<showGrid>false</showGrid>
<diagramColor>-1</diagramColor>
<display>false</display>
<notation>1</notation>
<objectViews>
<OView class="oracle.dbtools.crest.swingui.relational.TVTable" oid="23DD5018-5E28-73BF-C018-92F9D97AD235" otype="Table" vid="867EB5C9-9E49-CC66-8A3F-EAA2A915BD55">
<hideElementsInCurrentOnly>false</hideElementsInCurrentOnly>
<bounds x="98" y="520" width="259" height="173"/>
</OView>
<OView class="oracle.dbtools.crest.swingui.relational.TVTable" oid="32839FAC-DD9B-CE3C-91D0-ED6867BF7B2E" otype="Table" vid="53CF07CF-E623-4654-17AD-BF7B74D69381">
<hideElementsInCurrentOnly>false</hideElementsInCurrentOnly>
<bounds x="18" y="342" width="249" height="88"/>
</OView>
<OView class="oracle.dbtools.crest.swingui.relational.TVTable" oid="4E6C12AB-1938-AF04-2358-0569C2E24619" otype="Table" vid="2A29FD20-E6AD-0FAC-2E13-28CED70DFDBB">
<hideElementsInCurrentOnly>false</hideElementsInCurrentOnly>
<bounds x="636" y="10" width="212" height="136"/>
</OView>
<OView class="oracle.dbtools.crest.swingui.relational.TVTable" oid="4FC74F9B-8454-3C57-0D09-82544F673CDD" otype="Table" vid="E0F0D451-95C8-80F6-1897-7CFC95B8A1BF">
<hideElementsInCurrentOnly>false</hideElementsInCurrentOnly>
<bounds x="283" y="337" width="194" height="90"/>
</OView>
<OView class="oracle.dbtools.crest.swingui.relational.TVTable" oid="586D1674-CD6E-C50B-0613-18C72932677D" otype="Table" vid="7E5EC37A-A336-1CEC-E372-8A7EF935C970">
<hideElementsInCurrentOnly>false</hideElementsInCurrentOnly>
<bounds x="139" y="729" width="170" height="70"/>
</OView>
<OView class="oracle.dbtools.crest.swingui.relational.TVTable" oid="75D22BD3-6F72-AF96-8AAC-ABC830901984" otype="Table" vid="4708C9FA-7EBF-C569-733E-D71ED6B12388">
<hideElementsInCurrentOnly>false</hideElementsInCurrentOnly>
<bounds x="973" y="503" width="281" height="194"/>
</OView>
<OView class="oracle.dbtools.crest.swingui.relational.TVTable" oid="993F43D4-BDAD-84B4-1E82-1F5160979828" otype="Table" vid="931CAFEF-A91A-49F8-7C93-F38E50F33C24">
<hideElementsInCurrentOnly>false</hideElementsInCurrentOnly>
<bounds x="406" y="526" width="170" height="110"/>
</OView>
<OView class="oracle.dbtools.crest.swingui.relational.TVTable" oid="B9391B9F-5E84-EB46-B5CB-A622FD534E80" otype="Table" vid="726287B5-A3D6-CD1D-0E63-EAFBBD7B9FF2">
<hideElementsInCurrentOnly>false</hideElementsInCurrentOnly>
<bounds x="974" y="57" width="170" height="106"/>
</OView>
<OView class="oracle.dbtools.crest.swingui.relational.TVTable" oid="C0B4A17A-DA5A-A38F-B10E-FBD8F83F9181" otype="Table" vid="FAB73052-0DF0-42EE-94FD-4EB34B36297B">
<hideElementsInCurrentOnly>false</hideElementsInCurrentOnly>
<bounds x="673" y="742" width="189" height="67"/>
</OView>
<OView class="oracle.dbtools.crest.swingui.relational.TVTable" oid="EA417238-D37D-FDAE-3273-B9587D1F8DF8" otype="Table" vid="C7F57291-0B88-DE40-9F79-CBC81C3273F3">
<hideElementsInCurrentOnly>false</hideElementsInCurrentOnly>
<bounds x="981" y="259" width="197" height="105"/>
</OView>
<OView class="oracle.dbtools.crest.swingui.relational.TVTable" oid="F1453717-57BD-6176-AB2A-31B0711757B5" otype="Table" vid="2085AC03-BDBD-D3DA-8350-B7F6BBA61FA4">
<hideElementsInCurrentOnly>false</hideElementsInCurrentOnly>
<bounds x="630" y="185" width="253" height="201"/>
</OView>
<OView class="oracle.dbtools.crest.swingui.relational.TVTable" oid="F45137EF-227F-CD32-8534-357A6676FEBA" otype="Table" vid="BEF0EF0F-66EB-594C-CD64-128E421463D3">
<hideElementsInCurrentOnly>false</hideElementsInCurrentOnly>
<bounds x="635" y="512" width="246" height="153"/>
</OView>
</objectViews>
<connectors>
<Connector class="oracle.dbtools.crest.swingui.relational.TVFKRelation" oid="35B3A63B-2EC6-774C-FD3C-0038DA610F42" otype="FKIndexAssociation" vid_source="2085AC03-BDBD-D3DA-8350-B7F6BBA61FA4" vid_target="2A29FD20-E6AD-0FAC-2E13-28CED70DFDBB">
<hideElementsInCurrentOnly>false</hideElementsInCurrentOnly>
<lineWidth>1</lineWidth>
<points>
<point x="742" y="185"/>
<point x="742" y="146"/>
</points>
</Connector>
<Connector class="oracle.dbtools.crest.swingui.relational.TVFKRelation" oid="4690AE4F-6E13-CC84-3198-E2EFB9CB9E5E" otype="FKIndexAssociation" vid_source="2085AC03-BDBD-D3DA-8350-B7F6BBA61FA4" vid_target="BEF0EF0F-66EB-594C-CD64-128E421463D3">
<hideElementsInCurrentOnly>false</hideElementsInCurrentOnly>
<lineWidth>1</lineWidth>
<points>
<point x="689" y="386"/>
<point x="690" y="512"/>
</points>
</Connector>
<Connector class="oracle.dbtools.crest.swingui.relational.TVFKRelation" oid="51ECB55E-95AE-BA1E-8046-2C0AA4CEC6F3" otype="FKIndexAssociation" vid_source="C7F57291-0B88-DE40-9F79-CBC81C3273F3" vid_target="4708C9FA-7EBF-C569-733E-D71ED6B12388">
<hideElementsInCurrentOnly>false</hideElementsInCurrentOnly>
<lineWidth>1</lineWidth>
<points>
<point x="1079" y="364"/>
<point x="1079" y="503"/>
</points>
</Connector>
<Connector class="oracle.dbtools.crest.swingui.relational.TVFKRelation" oid="52035E10-DF8F-2BFD-2808-4D5DF6ECDDEA" otype="FKIndexAssociation" vid_source="867EB5C9-9E49-CC66-8A3F-EAA2A915BD55" vid_target="931CAFEF-A91A-49F8-7C93-F38E50F33C24">
<hideElementsInCurrentOnly>false</hideElementsInCurrentOnly>
<lineWidth>1</lineWidth>
<points>
<point x="357" y="591"/>
<point x="406" y="591"/>
</points>
</Connector>
<Connector class="oracle.dbtools.crest.swingui.relational.TVFKRelation" oid="6BC6184B-19B6-D81A-7721-B36A5B4C0351" otype="FKIndexAssociation" vid_source="FAB73052-0DF0-42EE-94FD-4EB34B36297B" vid_target="BEF0EF0F-66EB-594C-CD64-128E421463D3">
<hideElementsInCurrentOnly>false</hideElementsInCurrentOnly>
<lineWidth>1</lineWidth>
<points>
<point x="777" y="742"/>
<point x="777" y="665"/>
</points>
</Connector>
<Connector class="oracle.dbtools.crest.swingui.relational.TVFKRelation" oid="7B40E712-165A-8EF0-421E-D7FC023AC899" otype="FKIndexAssociation" vid_source="E0F0D451-95C8-80F6-1897-7CFC95B8A1BF" vid_target="867EB5C9-9E49-CC66-8A3F-EAA2A915BD55">
<hideElementsInCurrentOnly>false</hideElementsInCurrentOnly>
<lineWidth>1</lineWidth>
<points>
<point x="330" y="427"/>
<point x="330" y="520"/>
</points>
</Connector>
<Connector class="oracle.dbtools.crest.swingui.relational.TVFKRelation" oid="890AFB54-821D-051A-E191-B9B9958ABCF1" otype="FKIndexAssociation" vid_source="53CF07CF-E623-4654-17AD-BF7B74D69381" vid_target="867EB5C9-9E49-CC66-8A3F-EAA2A915BD55">
<hideElementsInCurrentOnly>false</hideElementsInCurrentOnly>
<lineWidth>1</lineWidth>
<points>
<point x="122" y="430"/>
<point x="122" y="520"/>
</points>
</Connector>
<Connector class="oracle.dbtools.crest.swingui.relational.TVFKRelation" oid="8C2B7725-26CF-8676-1B6D-9CFF6A4EDB24" otype="FKIndexAssociation" vid_source="2085AC03-BDBD-D3DA-8350-B7F6BBA61FA4" vid_target="BEF0EF0F-66EB-594C-CD64-128E421463D3">
<hideElementsInCurrentOnly>false</hideElementsInCurrentOnly>
<lineWidth>1</lineWidth>
<points>
<point x="829" y="386"/>
<point x="828" y="512"/>
</points>
</Connector>
<Connector class="oracle.dbtools.crest.swingui.relational.TVFKRelation" oid="93B0A12C-0D93-7651-7402-AE7CB7ABC7C3" otype="FKIndexAssociation" vid_source="7E5EC37A-A336-1CEC-E372-8A7EF935C970" vid_target="867EB5C9-9E49-CC66-8A3F-EAA2A915BD55">
<hideElementsInCurrentOnly>false</hideElementsInCurrentOnly>
<lineWidth>1</lineWidth>
<points>
<point x="234" y="729"/>
<point x="234" y="693"/>
</points>
</Connector>
<Connector class="oracle.dbtools.crest.swingui.relational.TVFKRelation" oid="98FB3FDA-C266-7CD2-4204-477DB9511514" otype="FKIndexAssociation" vid_source="4708C9FA-7EBF-C569-733E-D71ED6B12388" vid_target="BEF0EF0F-66EB-594C-CD64-128E421463D3">
<hideElementsInCurrentOnly>false</hideElementsInCurrentOnly>
<lineWidth>1</lineWidth>
<points>
<point x="973" y="598"/>
<point x="881" y="598"/>
</points>
</Connector>
<Connector class="oracle.dbtools.crest.swingui.relational.TVFKRelation" oid="AC838979-1991-3942-3DA0-7418FEF6342D" otype="FKIndexAssociation" vid_source="726287B5-A3D6-CD1D-0E63-EAFBBD7B9FF2" vid_target="C7F57291-0B88-DE40-9F79-CBC81C3273F3">
<hideElementsInCurrentOnly>false</hideElementsInCurrentOnly>
<lineWidth>1</lineWidth>
<points>
<point x="1072" y="163"/>
<point x="1072" y="259"/>
</points>
</Connector>
<Connector class="oracle.dbtools.crest.swingui.relational.TVFKRelation" oid="BE053E34-7095-FF94-B83B-0486131B7EEF" otype="FKIndexAssociation" vid_source="C7F57291-0B88-DE40-9F79-CBC81C3273F3" vid_target="2085AC03-BDBD-D3DA-8350-B7F6BBA61FA4">
<hideElementsInCurrentOnly>false</hideElementsInCurrentOnly>
<lineWidth>1</lineWidth>
<points>
<point x="981" y="321"/>
<point x="883" y="321"/>
</points>
</Connector>
<Connector class="oracle.dbtools.crest.swingui.relational.TVFKRelation" oid="BE96E190-FAE1-C2DE-94D2-BA65767D49F2" otype="FKIndexAssociation" vid_source="BEF0EF0F-66EB-594C-CD64-128E421463D3" vid_target="931CAFEF-A91A-49F8-7C93-F38E50F33C24">
<hideElementsInCurrentOnly>false</hideElementsInCurrentOnly>
<lineWidth>1</lineWidth>
<points>
<point x="635" y="561"/>
<point x="576" y="561"/>
</points>
</Connector>
</connectors>
</Diagram>