<?xml version = '1.0' encoding = 'UTF-8'?>
<FKIndexAssociation class="oracle.dbtools.crest.model.design.relational.FKIndexAssociation" directorySegmentName="seg_0" id="52035E10-DF8F-2BFD-2808-4D5DF6ECDDEA" containerWithKeyObject="993F43D4-BDAD-84B4-1E82-1F5160979828" localFKIndex="C0D7490C-C371-013E-AFE9-77BAD33269D4" name="PEDIDO_ITEM_PRODUTO_FK">
<createdBy>edson.monteiro</createdBy>
<createdTime>2021-03-28 21:02:51 UTC</createdTime>
<generatorID>ECDA1E61-0749-7447-0D4A-1F8460C81504</generatorID>
<ownerDesignName>MER</ownerDesignName>
<deleteRule>NO ACTION</deleteRule>
<referredTableID>23DD5018-5E28-73BF-C018-92F9D97AD235</referredTableID>
<keyObject>FD3A8A03-2DEA-D58C-CDFA-88EC93AF2199</keyObject>
<referredKeyID>FD3A8A03-2DEA-D58C-CDFA-88EC93AF2199</referredKeyID>
<mandatory>true</mandatory>
<transferable>true</transferable>
<rely>false</rely>
<columnDependencyConstraintGenerateInDDL>true</columnDependencyConstraintGenerateInDDL>
</FKIndexAssociation>