<?xml version = '1.0' encoding = 'UTF-8'?>
<FKIndexAssociation class="oracle.dbtools.crest.model.design.relational.FKIndexAssociation" directorySegmentName="seg_0" id="6BC6184B-19B6-D81A-7721-B36A5B4C0351" containerWithKeyObject="F45137EF-227F-CD32-8534-357A6676FEBA" localFKIndex="2A4C5F95-D5BF-6B4C-ED1C-425F9C707A05" name="PEDIDO_STATUS_FK">
<createdBy>edson.monteiro</createdBy>
<createdTime>2021-03-28 21:02:51 UTC</createdTime>
<generatorID>2C45F631-69A1-7BA3-CBD3-F0EB87F7B553</generatorID>
<ownerDesignName>MER</ownerDesignName>
<deleteRule>NO ACTION</deleteRule>
<referredTableID>C0B4A17A-DA5A-A38F-B10E-FBD8F83F9181</referredTableID>
<keyObject>2A06C991-149A-B358-9800-A91F46BD4F89</keyObject>
<referredKeyID>2A06C991-149A-B358-9800-A91F46BD4F89</referredKeyID>
<mandatory>true</mandatory>
<transferable>true</transferable>
<rely>false</rely>
<columnDependencyConstraintGenerateInDDL>true</columnDependencyConstraintGenerateInDDL>
</FKIndexAssociation>