<?xml version = '1.0' encoding = 'UTF-8'?>
<FKIndexAssociation class="oracle.dbtools.crest.model.design.relational.FKIndexAssociation" directorySegmentName="seg_0" id="7B40E712-165A-8EF0-421E-D7FC023AC899" containerWithKeyObject="23DD5018-5E28-73BF-C018-92F9D97AD235" localFKIndex="CF68B215-3A71-CA0E-6705-3169EA431C7E" name="PRODUTO_MARCA_FK">
<createdBy>edson.monteiro</createdBy>
<createdTime>2021-03-28 21:02:51 UTC</createdTime>
<generatorID>68E55980-D7CF-F90D-1BDC-F3CA17582A9C</generatorID>
<ownerDesignName>MER</ownerDesignName>
<deleteRule>NO ACTION</deleteRule>
<referredTableID>4FC74F9B-8454-3C57-0D09-82544F673CDD</referredTableID>
<keyObject>D36D2F6C-7AC1-12FC-04AF-2A23FFAA869D</keyObject>
<referredKeyID>D36D2F6C-7AC1-12FC-04AF-2A23FFAA869D</referredKeyID>
<mandatory>true</mandatory>
<transferable>true</transferable>
<rely>false</rely>
<columnDependencyConstraintGenerateInDDL>true</columnDependencyConstraintGenerateInDDL>
</FKIndexAssociation>