<?xml version = '1.0' encoding = 'UTF-8'?>
<FKIndexAssociation class="oracle.dbtools.crest.model.design.relational.FKIndexAssociation" directorySegmentName="seg_0" id="AC838979-1991-3942-3DA0-7418FEF6342D" containerWithKeyObject="EA417238-D37D-FDAE-3273-B9587D1F8DF8" localFKIndex="59F96CA9-EC8E-FCF2-4695-3133A93FB894" name="CIDADE_ESTADO_FK">
<createdBy>edson.monteiro</createdBy>
<createdTime>2021-03-28 21:02:51 UTC</createdTime>
<generatorID>3AFD2B52-D364-88FC-9155-208977CDB123</generatorID>
<ownerDesignName>MER</ownerDesignName>
<deleteRule>NO ACTION</deleteRule>
<referredTableID>B9391B9F-5E84-EB46-B5CB-A622FD534E80</referredTableID>
<keyObject>AB310922-B6BE-3C29-77C7-A5E70E1E4E3C</keyObject>
<referredKeyID>AB310922-B6BE-3C29-77C7-A5E70E1E4E3C</referredKeyID>
<mandatory>true</mandatory>
<transferable>true</transferable>
<rely>false</rely>
<columnDependencyConstraintGenerateInDDL>true</columnDependencyConstraintGenerateInDDL>
</FKIndexAssociation>