<?xml version = '1.0' encoding = 'UTF-8'?>
<relationalModel class="oracle.dbtools.crest.model.design.relational.RelationalDesign" name="Relational_1" id="81ECD70C-CF0F-445F-D973-95CA0F8A7036" mainViewID="23784649-D380-2E5E-D8A9-6E3F465D8794">
<createdBy>edson.monteiro</createdBy>
<createdTime>2021-03-28 21:00:43 UTC</createdTime>
<ownerDesignName>MER</ownerDesignName>
<shouldBeOpen>false</shouldBeOpen>
<selectedRDBMSSite>32076570-2523-435C-2E92-BF29817DFF70</selectedRDBMSSite>
</relationalModel>